,Company,Job,Extract Date,Job link,Post Date,Departement,City
0,EUMETSAT,Data Processing Systems Engineer Team Leader (based in Germa...,2022-01-09,https://www.indeed.com/pagead/clk?mo=r&ad=-6NYlbfkN0A09mPrzln9NJBCwAnKZvb5Xsb06nEC_MDbi1tjHwjGCVQkQrl3jAN5iRdHNmc1Dv-H1sJ8ieJG8wXzIYtrcN6F0MvBidzXi7IIQyBGhdtdaJPueKGXKALSxRVroKAOuheh9tSIjR1pmymnmUOF8oJ60cvOuWoc6ylEyfDJqWufMhw_yQCqLdKHHEBki4Cugd0htASV07gUdNu61M2Y_0rZEwKKSVk19ybq9vhwEuO1fh9ecsBN50SaVdSD8n_6GI4Jr1h8yyjLTwhx2ksqpQgMz0p9L4JKaaTuP9spbd4_N782yJEMX9Oawen1W4AwXFGo9v6WiDyTqjTYKlvE7p8QaWNCbSHeRFYHTgXJH7MCgLrc7oy6vX77AYpgEuiYSUe6tajFU038xX-rLOQZX7GiMxBlblkD5tLnGs6cPBXGDdwe9E0g9PkSrZv0kZwlrAt3BFj5YNbeFyvHQPjRLzbnKZ8cfJSUDl8=&p=0&fvj=1&vjs=3,2021-12-10,0,France
1,Kaino Consulting,Data Engineer F/H,2022-01-09,https://www.indeed.com/rc/clk?jk=9fedef3104bb333c&fccid=a6a59f7a48130f9c&vjs=3,2021-12-15,34,Montpellier
2,Dell Technologies,Technical Support Engineer 2 (I6),2022-01-09,https://www.indeed.com/rc/clk?jk=ab1a0d94366c33ca&fccid=dd09fe3b43125016&vjs=3,2021-12-23,34,Montpellier
3,SAS RECHERCHES ET HORIZONS,Data Engineer F/H,2022-01-09,https://www.indeed.com/rc/clk?jk=fb1eb2b72e26bdc3&fccid=81b407ede6f136b6&vjs=3,2021-12-28,34,Montpellier
4,Schneider Electric,Cybersecurity Senior Analyst Engineer F/H,2022-01-09,https://www.indeed.com/rc/clk?jk=ff8345f8b4e4084a&fccid=8dc4399ddb463d4a&vjs=3,2021-12-10,34,Lattes
5,SAS RECHERCHES ET HORIZONS,Infrastructure engineer F/H,2022-01-09,https://www.indeed.com/rc/clk?jk=0f11d9c4cff31c01&fccid=81b407ede6f136b6&vjs=3,2022-01-06,34,Montpellier
6,CGI Inc,Data Engineer Cloud Data H/F,2022-01-09,https://www.indeed.com/rc/clk?jk=b4899928e589d31b&fccid=43a69183767d4301&vjs=3,2021-12-10,34,Montpellier
7,Teads,FinOps Engineer,2022-01-09,https://www.indeed.com/rc/clk?jk=5ae5f9eb5ec7f1b8&fccid=5c7360a734fdfcd6&vjs=3,2022-01-04,34,Montpellier
8,CGI Inc,Data Engineer Big Data H/F,2022-01-09,https://www.indeed.com/rc/clk?jk=24e7394acbc8eb83&fccid=43a69183767d4301&vjs=3,2021-12-10,34,Montpellier
9,Dell Technologies,Compute Senior Engineer,2022-01-09,https://www.indeed.com/rc/clk?jk=5b8d88b4a3402cd5&fccid=dd09fe3b43125016&vjs=3,2021-12-10,34,Montpellier
10,Capgemini Technology Services,Business Analyst Data Migration,2022-01-09,https://www.indeed.com/pagead/clk?mo=r&ad=-6NYlbfkN0BWdA3oA7p5DCoybPW216PL43sZbaNq0Xf_hxNXJdRwcDLiChJJjnS-83wIL_fN3oo5db5tZklg2MJve3-xR6G8dmVr-55xgadD4L1Co4sMyeauCGOatFsKSW40mEAwIa7bPe3lEC03t7GB1c_EYQhpoy_31dETWyEmk7ckyJq5YZcMxyepBQhZVUpyPsE_QqqxQyztJsJv660jIYGVkX6bft9crNSFSSLKiFqJ_WTN5kHpaSXn1FufGW8RfvVGO1FAdBAT5fgUAkgFF-AwR22aJBWmXBEvNHCE77lwDmwVtxX99X-M9zITNa08g6ElmBctobAju2jYHKQ49VV32QHdk74ePN3nLgoqvwIVd9i49Ceb3KAQ7gif3hAOawh92C8iCGNj4fKavDqiGUqTucOUoK0u_SUI8FlFr7l9LUes_wIDyBIyhUrG7WA2M_MtncurV8Y4Fe-znzE84SBwfkpWj_ZpPccuM-JXmQDAxFv2XnXJkL3Mvksehbc9_apFwDBTbfbmh3jICLnDVHLm-YX6GvLOyre6buGu5GmB29LigM1jzywIkjKhk3dpdnjmwmoIEO1-8mrPAFIQDOKjsqQ2JUp4Srfn8CIeJuZ4h6RwbH7aSfzPLFgxG_JzfYd2BTZknY11TkF-LpKpN5cW4kSicRhCzB5Ii_7jVgI82AASKspJu2G1gOiDJiz6rla_cKw=&p=10&fvj=0&vjs=3,2021-12-24,0,34000
11,Capgemini Technology Services,Développeur Concepteur en reconversion,2022-01-09,https://www.indeed.com/pagead/clk?mo=r&ad=-6NYlbfkN0BWdA3oA7p5DCoybPW216PL43sZbaNq0Xf_hxNXJdRwcDLiChJJjnS-83wIL_fN3op1J6raIBj7NIrvytwj88HeyMGCjqAO8rqmJL_-JIK7N6hwT5llgQN0V-CvtM0vj7rK2o_kk2hyMa12TT43RF7kZAqOyCbeXrqcrRZvhkUWlV_xmpuD2t8plrz0LT0gQlEovfpI2Eubnq_Q3lXLW8-gGULf27DIZQriM6sx36cQ5SFKdSPzQ2shW1Vnrwf9i2Z87AlxpIk2Psrgx5HsKlNzjgqsO3BfHhX1Tf3eMcbV2EQsMd5HsBS8P6TKkJ8YM8eMrmFdjPAfz7zKvVB4amidesuoGWOKJK_aj2Hd2NWaZ5Lxns2kUij80ypAIY98RbxI7Zp0M6orL2gOKvL8x0eECIZiqF2uN89mJJlm0BrS7LGhsEuWBIyheYg2HbUG8q0v-RJSo5LveeLwPv3qqrkIOGlaKfArBR6_kYfWypdFHhsvqI4L33jTVcYjnvGLm49wRL9KDsEXDcfm9ldM-jB7Mez9yvMaEa8yw2d61T2b_2I9xwhufTXsgxdRc-ILiONkL5AIVhgJEUN9dUksSoGEVNXdS2lnoFUGsBD3LDOYa-QnmpEyuKHjvQe2aftldZHhi9hwASCOkHcRCrud6LKAtAT6HSlJsv8mtIQ693FBwG7rQXtOkI6xve4HpLXB620=&p=11&fvj=0&vjs=3,2021-12-10,0,34000
12,Quantum Surgical,"Software Engineer, Javascript M/F",2022-01-09,https://www.indeed.com/rc/clk?jk=4ae8b1ab99ea3513&fccid=9261b1b65c8e442a&vjs=3,2021-12-24,34,Montpellier
13,Quantum Surgical,Ultrasound Engineer M/F,2022-01-09,https://www.indeed.com/rc/clk?jk=c82f1f55c1691ad7&fccid=9261b1b65c8e442a&vjs=3,2021-12-24,34,Montpellier
14,Teads,Senior Software Engineer,2022-01-09,https://www.indeed.com/rc/clk?jk=6243922711ce24d3&fccid=5c7360a734fdfcd6&vjs=3,2021-12-10,34,Montpellier
15,EUMETSAT,Data Processing Systems Engineer Team Leader (based in Germa...,2022-01-09,https://www.indeed.com/pagead/clk?mo=r&ad=-6NYlbfkN0A09mPrzln9NJBCwAnKZvb5Xsb06nEC_MDbi1tjHwjGCVQkQrl3jAN5iRdHNmc1Dv-H1sJ8ieJG8wXzIYtrcN6F0MvBidzXi7IIQyBGhdtdaJPueKGXKALSxRVroKAOuheh9tSIjR1pmymnmUOF8oJ60cvOuWoc6ylEyfDJqWufMhw_yQCqLdKHHEBki4Cugd0htASV07gUdNu61M2Y_0rZEwKKSVk19ybq9vhwEuO1fh9ecsBN50SaVdSD8n_6GI4Jr1h8yyjLTwhx2ksqpQgMz0p9L4JKaaTuP9spbd4_N782yJEMX9Oawen1W4AwXFGo9v6WiDyTqjTYKlvE7p8QaWNCbSHeRFYHTgXJH7MCgLrc7oy6vX77AYpgEuiYSUe6tajFU038xX-rLOQZX7GiMxBlblkD5tLnGs6cPBXGDdwe9E0g9PkSrZv0kZwlrAt3BFj5YNbeFyvHQPjRLzbnKZ8cfJSUDl8=&p=0&fvj=1&vjs=3,2021-12-10,0,France
16,Kaino Consulting,Data Engineer F/H,2022-01-09,https://www.indeed.com/rc/clk?jk=9fedef3104bb333c&fccid=a6a59f7a48130f9c&vjs=3,2021-12-15,34,Montpellier
17,Dell Technologies,Technical Support Engineer 2 (I6),2022-01-09,https://www.indeed.com/rc/clk?jk=ab1a0d94366c33ca&fccid=dd09fe3b43125016&vjs=3,2021-12-23,34,Montpellier
18,SAS RECHERCHES ET HORIZONS,Data Engineer F/H,2022-01-09,https://www.indeed.com/rc/clk?jk=fb1eb2b72e26bdc3&fccid=81b407ede6f136b6&vjs=3,2021-12-28,34,Montpellier
19,Schneider Electric,Cybersecurity Senior Analyst Engineer F/H,2022-01-09,https://www.indeed.com/rc/clk?jk=ff8345f8b4e4084a&fccid=8dc4399ddb463d4a&vjs=3,2021-12-10,34,Lattes
20,SAS RECHERCHES ET HORIZONS,Infrastructure engineer F/H,2022-01-09,https://www.indeed.com/rc/clk?jk=0f11d9c4cff31c01&fccid=81b407ede6f136b6&vjs=3,2022-01-06,34,Montpellier
21,CGI Inc,Data Engineer Cloud Data H/F,2022-01-09,https://www.indeed.com/rc/clk?jk=b4899928e589d31b&fccid=43a69183767d4301&vjs=3,2021-12-10,34,Montpellier
22,Teads,FinOps Engineer,2022-01-09,https://www.indeed.com/rc/clk?jk=5ae5f9eb5ec7f1b8&fccid=5c7360a734fdfcd6&vjs=3,2022-01-04,34,Montpellier
23,CGI Inc,Data Engineer Big Data H/F,2022-01-09,https://www.indeed.com/rc/clk?jk=24e7394acbc8eb83&fccid=43a69183767d4301&vjs=3,2021-12-10,34,Montpellier
24,Dell Technologies,Compute Senior Engineer,2022-01-09,https://www.indeed.com/rc/clk?jk=5b8d88b4a3402cd5&fccid=dd09fe3b43125016&vjs=3,2021-12-10,34,Montpellier
25,Capgemini Technology Services,Business Analyst Data Migration,2022-01-09,https://www.indeed.com/pagead/clk?mo=r&ad=-6NYlbfkN0BWdA3oA7p5DCoybPW216PL43sZbaNq0Xf_hxNXJdRwcDLiChJJjnS-83wIL_fN3oo5db5tZklg2MJve3-xR6G8dmVr-55xgadD4L1Co4sMyeauCGOatFsKSW40mEAwIa7bPe3lEC03t7GB1c_EYQhpoy_31dETWyEmk7ckyJq5YZcMxyepBQhZVUpyPsE_QqqxQyztJsJv660jIYGVkX6bft9crNSFSSLKiFqJ_WTN5kHpaSXn1FufGW8RfvVGO1FAdBAT5fgUAkgFF-AwR22aJBWmXBEvNHCE77lwDmwVtxX99X-M9zITNa08g6ElmBctobAju2jYHKQ49VV32QHdk74ePN3nLgoqvwIVd9i49Ceb3KAQ7gif3hAOawh92C8iCGNj4fKavDqiGUqTucOUoK0u_SUI8FlFr7l9LUes_wIDyBIyhUrG7WA2M_MtncurV8Y4Fe-znzE84SBwfkpWj_ZpPccuM-JXmQDAxFv2XnXJkL3Mvksehbc9_apFwDBTbfbmh3jICLnDVHLm-YX6GvLOyre6buGu5GmB29LigM1jzywIkjKhk3dpdnjmwmoIEO1-8mrPAFIQDOKjsqQ2JUp4Srfn8CIeJuZ4h6RwbH7aSfzPLFgxG_JzfYd2BTZknY11TkF-LpKpN5cW4kSicRhCzB5Ii_7jVgI82AASKspJu2G1gOiDJiz6rla_cKw=&p=10&fvj=0&vjs=3,2021-12-24,0,34000
26,Capgemini Technology Services,Développeur Concepteur en reconversion,2022-01-09,https://www.indeed.com/pagead/clk?mo=r&ad=-6NYlbfkN0BWdA3oA7p5DCoybPW216PL43sZbaNq0Xf_hxNXJdRwcDLiChJJjnS-83wIL_fN3op1J6raIBj7NIrvytwj88HeyMGCjqAO8rqmJL_-JIK7N6hwT5llgQN0V-CvtM0vj7rK2o_kk2hyMa12TT43RF7kZAqOyCbeXrqcrRZvhkUWlV_xmpuD2t8plrz0LT0gQlEovfpI2Eubnq_Q3lXLW8-gGULf27DIZQriM6sx36cQ5SFKdSPzQ2shW1Vnrwf9i2Z87AlxpIk2Psrgx5HsKlNzjgqsO3BfHhX1Tf3eMcbV2EQsMd5HsBS8P6TKkJ8YM8eMrmFdjPAfz7zKvVB4amidesuoGWOKJK_aj2Hd2NWaZ5Lxns2kUij80ypAIY98RbxI7Zp0M6orL2gOKvL8x0eECIZiqF2uN89mJJlm0BrS7LGhsEuWBIyheYg2HbUG8q0v-RJSo5LveeLwPv3qqrkIOGlaKfArBR6_kYfWypdFHhsvqI4L33jTVcYjnvGLm49wRL9KDsEXDcfm9ldM-jB7Mez9yvMaEa8yw2d61T2b_2I9xwhufTXsgxdRc-ILiONkL5AIVhgJEUN9dUksSoGEVNXdS2lnoFUGsBD3LDOYa-QnmpEyuKHjvQe2aftldZHhi9hwASCOkHcRCrud6LKAtAT6HSlJsv8mtIQ693FBwG7rQXtOkI6xve4HpLXB620=&p=11&fvj=0&vjs=3,2021-12-10,0,34000
27,Quantum Surgical,"Software Engineer, Javascript M/F",2022-01-09,https://www.indeed.com/rc/clk?jk=4ae8b1ab99ea3513&fccid=9261b1b65c8e442a&vjs=3,2021-12-24,34,Montpellier
28,Quantum Surgical,Ultrasound Engineer M/F,2022-01-09,https://www.indeed.com/rc/clk?jk=c82f1f55c1691ad7&fccid=9261b1b65c8e442a&vjs=3,2021-12-24,34,Montpellier
29,Teads,Senior Software Engineer,2022-01-09,https://www.indeed.com/rc/clk?jk=6243922711ce24d3&fccid=5c7360a734fdfcd6&vjs=3,2021-12-10,34,Montpellier
30,EUMETSAT,Data Processing Systems Engineer Team Leader (based in Germa...,2022-01-09,https://www.indeed.com/pagead/clk?mo=r&ad=-6NYlbfkN0A09mPrzln9NJBCwAnKZvb5Xsb06nEC_MDbi1tjHwjGCVQkQrl3jAN5iRdHNmc1Dv-H1sJ8ieJG8wXzIYtrcN6F0MvBidzXi7IIQyBGhdtdaJPueKGXKALSxRVroKAOuheh9tSIjR1pmymnmUOF8oJ60cvOuWoc6ylEyfDJqWufMhw_yQCqLdKHHEBki4Cugd0htASV07gUdNu61M2Y_0rZEwKKSVk19ybq9vhwEuO1fh9ecsBN50SaVdSD8n_6GI4Jr1h8yyjLTwhx2ksqpQgMz0p9L4JKaaTuP9spbd4_N782yJEMX9Oawen1W4AwXFGo9v6WiDyTqjTYKlvE7p8QaWNCbSHeRFYHTgXJH7MCgLrc7oy6vX77AYpgEuiYSUe6tajFU038xX-rLOQZX7GiMxBlblkD5tLnGs6cPBXGDdwe9E0g9PkSrZv0kZwlrAt3BFj5YNbeFyvHQPjRLzbnKZ8cfJSUDl8=&p=0&fvj=1&vjs=3,2021-12-10,0,France
31,Kaino Consulting,Data Engineer F/H,2022-01-09,https://www.indeed.com/rc/clk?jk=9fedef3104bb333c&fccid=a6a59f7a48130f9c&vjs=3,2021-12-15,34,Montpellier
32,Dell Technologies,Technical Support Engineer 2 (I6),2022-01-09,https://www.indeed.com/rc/clk?jk=ab1a0d94366c33ca&fccid=dd09fe3b43125016&vjs=3,2021-12-23,34,Montpellier
33,SAS RECHERCHES ET HORIZONS,Data Engineer F/H,2022-01-09,https://www.indeed.com/rc/clk?jk=fb1eb2b72e26bdc3&fccid=81b407ede6f136b6&vjs=3,2021-12-28,34,Montpellier
34,Schneider Electric,Cybersecurity Senior Analyst Engineer F/H,2022-01-09,https://www.indeed.com/rc/clk?jk=ff8345f8b4e4084a&fccid=8dc4399ddb463d4a&vjs=3,2021-12-10,34,Lattes
35,SAS RECHERCHES ET HORIZONS,Infrastructure engineer F/H,2022-01-09,https://www.indeed.com/rc/clk?jk=0f11d9c4cff31c01&fccid=81b407ede6f136b6&vjs=3,2022-01-06,34,Montpellier
36,CGI Inc,Data Engineer Cloud Data H/F,2022-01-09,https://www.indeed.com/rc/clk?jk=b4899928e589d31b&fccid=43a69183767d4301&vjs=3,2021-12-10,34,Montpellier
37,Teads,FinOps Engineer,2022-01-09,https://www.indeed.com/rc/clk?jk=5ae5f9eb5ec7f1b8&fccid=5c7360a734fdfcd6&vjs=3,2022-01-04,34,Montpellier
38,CGI Inc,Data Engineer Big Data H/F,2022-01-09,https://www.indeed.com/rc/clk?jk=24e7394acbc8eb83&fccid=43a69183767d4301&vjs=3,2021-12-10,34,Montpellier
39,Dell Technologies,Compute Senior Engineer,2022-01-09,https://www.indeed.com/rc/clk?jk=5b8d88b4a3402cd5&fccid=dd09fe3b43125016&vjs=3,2021-12-10,34,Montpellier
40,Capgemini Technology Services,Business Analyst Data Migration,2022-01-09,https://www.indeed.com/pagead/clk?mo=r&ad=-6NYlbfkN0BWdA3oA7p5DCoybPW216PL43sZbaNq0Xf_hxNXJdRwcDLiChJJjnS-83wIL_fN3oo5db5tZklg2MJve3-xR6G8dmVr-55xgadD4L1Co4sMyeauCGOatFsKSW40mEAwIa7bPe3lEC03t7GB1c_EYQhpoy_31dETWyEmk7ckyJq5YZcMxyepBQhZVUpyPsE_QqqxQyztJsJv660jIYGVkX6bft9crNSFSSLKiFqJ_WTN5kHpaSXn1FufGW8RfvVGO1FAdBAT5fgUAkgFF-AwR22aJBWmXBEvNHCE77lwDmwVtxX99X-M9zITNa08g6ElmBctobAju2jYHKQ49VV32QHdk74ePN3nLgoqvwIVd9i49Ceb3KAQ7gif3hAOawh92C8iCGNj4fKavDqiGUqTucOUoK0u_SUI8FlFr7l9LUes_wIDyBIyhUrG7WA2M_MtncurV8Y4Fe-znzE84SBwfkpWj_ZpPccuM-JXmQDAxFv2XnXJkL3Mvksehbc9_apFwDBTbfbmh3jICLnDVHLm-YX6GvLOyre6buGu5GmB29LigM1jzywIkjKhk3dpdnjmwmoIEO1-8mrPAFIQDOKjsqQ2JUp4Srfn8CIeJuZ4h6RwbH7aSfzPLFgxG_JzfYd2BTZknY11TkF-LpKpN5cW4kSicRhCzB5Ii_7jVgI82AASKspJu2G1gOiDJiz6rla_cKw=&p=10&fvj=0&vjs=3,2021-12-24,0,34000
41,Capgemini Technology Services,Développeur Concepteur en reconversion,2022-01-09,https://www.indeed.com/pagead/clk?mo=r&ad=-6NYlbfkN0BWdA3oA7p5DCoybPW216PL43sZbaNq0Xf_hxNXJdRwcDLiChJJjnS-83wIL_fN3op1J6raIBj7NIrvytwj88HeyMGCjqAO8rqmJL_-JIK7N6hwT5llgQN0V-CvtM0vj7rK2o_kk2hyMa12TT43RF7kZAqOyCbeXrqcrRZvhkUWlV_xmpuD2t8plrz0LT0gQlEovfpI2Eubnq_Q3lXLW8-gGULf27DIZQriM6sx36cQ5SFKdSPzQ2shW1Vnrwf9i2Z87AlxpIk2Psrgx5HsKlNzjgqsO3BfHhX1Tf3eMcbV2EQsMd5HsBS8P6TKkJ8YM8eMrmFdjPAfz7zKvVB4amidesuoGWOKJK_aj2Hd2NWaZ5Lxns2kUij80ypAIY98RbxI7Zp0M6orL2gOKvL8x0eECIZiqF2uN89mJJlm0BrS7LGhsEuWBIyheYg2HbUG8q0v-RJSo5LveeLwPv3qqrkIOGlaKfArBR6_kYfWypdFHhsvqI4L33jTVcYjnvGLm49wRL9KDsEXDcfm9ldM-jB7Mez9yvMaEa8yw2d61T2b_2I9xwhufTXsgxdRc-ILiONkL5AIVhgJEUN9dUksSoGEVNXdS2lnoFUGsBD3LDOYa-QnmpEyuKHjvQe2aftldZHhi9hwASCOkHcRCrud6LKAtAT6HSlJsv8mtIQ693FBwG7rQXtOkI6xve4HpLXB620=&p=11&fvj=0&vjs=3,2021-12-10,0,34000
42,Quantum Surgical,"Software Engineer, Javascript M/F",2022-01-09,https://www.indeed.com/rc/clk?jk=4ae8b1ab99ea3513&fccid=9261b1b65c8e442a&vjs=3,2021-12-24,34,Montpellier
43,Quantum Surgical,Ultrasound Engineer M/F,2022-01-09,https://www.indeed.com/rc/clk?jk=c82f1f55c1691ad7&fccid=9261b1b65c8e442a&vjs=3,2021-12-24,34,Montpellier
44,Teads,Senior Software Engineer,2022-01-09,https://www.indeed.com/rc/clk?jk=6243922711ce24d3&fccid=5c7360a734fdfcd6&vjs=3,2021-12-10,34,Montpellier
